battery_power,clock_speed,four_g,int_memory,n_cores,pc,touch_screen,price_range
842,2.2,0,7,2,2,0,1
1021,0.5,1,53,3,6,1,2
563,0.5,1,41,5,6,1,2
615,2.5,0,10,6,9,0,2
1821,1.2,1,44,2,14,1,1
1859,0.5,0,22,1,7,0,1
1821,1.7,1,10,8,10,0,3
1954,0.5,0,24,4,0,1,0
1445,0.5,0,53,7,14,0,0
509,0.6,1,9,5,15,0,0
769,2.9,0,9,5,1,0,3
1520,2.2,1,33,8,18,1,3
1815,2.8,0,33,4,17,0,1
803,2.1,0,17,4,11,0,2
1866,0.5,1,52,1,17,0,0
775,1,0,46,2,16,1,0
838,0.5,1,13,8,4,0,3
595,0.9,1,23,3,17,1,3
1131,0.5,0,49,5,18,1,1
682,0.5,0,19,4,11,1,1
772,1.1,0,39,7,14,1,3
1709,2.1,0,13,2,2,0,3
1949,2.6,0,47,4,7,0,1
1602,2.8,1,38,3,20,0,0
503,1.2,1,8,3,13,0,1
961,1.4,1,57,8,3,1,2
519,1.6,1,51,4,19,0,3
956,0.5,1,41,7,6,1,3
1453,1.6,1,52,2,18,1,2
851,0.5,0,21,5,7,0,0
1579,0.5,0,5,7,9,0,3
1568,0.5,0,33,8,20,1,0
1319,0.9,1,41,1,18,1,1
1310,2.2,1,51,4,0,1,3
644,2.7,0,22,8,3,0,0
725,1.3,0,60,8,17,0,1
589,2.3,0,61,4,10,0,1
1725,1.6,1,6,2,18,1,3
790,2,1,11,6,17,0,2
560,0.5,0,50,2,20,1,2
1347,2.9,0,44,1,14,0,2
1646,2.3,1,41,2,10,1,3
1253,0.5,1,5,2,19,1,1
1656,1,1,34,3,7,1,1
1195,2.8,1,20,2,14,1,0
1514,2.9,0,27,3,1,1,1
1723,1.1,0,42,8,14,0,3
1054,1.8,1,40,7,10,0,1
578,2.6,1,57,8,8,0,0
596,2.1,0,64,8,15,0,3
1547,3,1,14,3,19,0,2
1760,1.4,0,63,8,19,1,2
1654,1.5,1,43,2,0,1,3
1457,1.9,1,16,3,10,0,1
1073,0.5,0,51,7,0,1,2
1936,2.1,1,46,3,20,0,2
823,2.7,0,60,8,19,1,0
987,1.3,1,61,3,9,0,3
1757,0.5,0,49,6,14,0,1
1063,1.4,1,48,5,4,1,2
1484,3,0,12,3,5,1,1
799,2.3,1,63,8,6,1,0
1156,1.2,1,50,2,0,1,0
1720,2,1,55,2,18,1,2
702,2.6,1,9,3,3,0,2
616,1.9,1,44,3,17,1,3
1358,0.5,1,36,4,14,1,3
1866,1.4,0,30,3,0,0,3
1242,1.1,0,10,2,1,0,0
1166,1.5,1,43,4,1,1,3
1448,0.5,1,45,7,11,1,3
1407,2.4,1,22,4,4,0,2
605,1,1,9,3,16,0,0
1038,1.2,0,43,1,5,1,3
797,2.9,0,38,4,6,1,0
819,0.6,1,42,6,20,0,1
1114,2.8,1,9,3,15,1,0
1234,1.6,0,33,1,3,0,0
1199,2.5,1,16,4,20,0,3
1103,1,0,29,6,8,1,1
1589,0.6,1,58,7,7,1,3
999,2.9,1,64,4,19,1,2
1510,0.9,0,45,5,3,1,3
1008,0.8,0,61,3,15,0,1
1127,2.9,1,57,1,13,1,1
1412,2.4,0,25,8,17,0,1
1496,2,0,42,5,5,1,0
1083,2.9,1,64,3,11,0,3
668,0.5,0,3,5,13,1,2
1309,1.1,0,33,4,14,0,2
1724,2,1,57,3,5,1,3
1977,2,1,54,7,18,1,2
885,2.3,1,15,7,0,1,0
879,2.5,1,14,6,15,0,0
1322,1.7,0,7,3,9,1,1
1137,1,0,7,3,19,1,3
1355,2.3,1,23,5,16,1,0
1665,0.5,1,60,6,18,0,2
657,2.5,0,37,2,1,1,0
593,0.5,0,31,7,7,0,1
1883,0.5,1,10,6,13,0,3
1732,1.1,1,12,8,9,0,1
543,0.5,0,57,5,4,0,1
1939,2.8,1,55,4,10,1,0
553,2.4,1,8,7,3,1,0
832,0.7,1,39,4,3,0,1
1661,1.9,0,23,5,10,1,3
1657,2.4,0,42,5,16,0,3
1135,2,0,46,1,4,1,3
1775,1.5,0,41,1,7,1,3
783,1.8,1,43,3,4,1,1
617,2.3,0,32,7,20,0,1
867,1.4,1,4,6,1,1,0
1310,1.1,0,7,5,14,1,2
1804,0.5,1,22,7,19,0,3
1900,2.3,1,18,7,9,1,3
909,1.4,0,53,8,0,0,2
1084,2.6,1,40,3,11,1,1
1308,1.3,0,46,1,12,1,0
1778,0.5,0,15,3,0,0,1
1701,1.6,0,10,8,7,1,2
772,2.4,1,10,4,2,1,3
825,0.5,0,52,3,10,1,3
1379,1.1,1,36,2,7,1,3
1166,2,1,25,5,4,0,2
1659,2.8,0,16,1,20,0,3
826,2.4,1,58,4,1,0,2
1564,2.3,1,25,6,17,1,1
1957,0.9,0,31,3,16,0,3
1571,1.4,1,19,6,1,1,0
1414,2,0,54,7,3,0,3
1790,2.5,0,2,1,14,1,1
645,0.5,0,41,7,10,1,2
668,2.9,0,30,8,12,1,1
1652,1.1,0,36,4,5,0,2
1213,0.5,0,16,5,0,0,2
1272,2.5,0,22,6,8,0,1
866,0.5,1,46,8,7,1,3
536,2.4,1,3,7,14,1,0
523,2.6,0,14,8,2,1,0
1753,0.5,1,31,1,18,0,2
1218,1.8,1,14,3,4,0,0
1537,2.5,1,43,1,5,1,3
786,2.2,0,33,7,6,0,2
1678,2.1,1,64,3,11,1,0
1814,1.4,1,9,2,2,0,3
1101,1.8,0,31,2,7,1,1
1461,2.4,1,40,7,4,0,3
1216,3,0,47,3,7,1,2
506,1.6,1,41,1,7,0,2
843,0.5,1,56,5,17,1,1
742,2.2,0,56,7,14,1,3
1692,2.1,1,61,6,12,0,1
1485,1,1,32,2,9,1,2
1547,2.9,0,45,2,8,1,0
1692,2.3,1,46,1,6,1,1
637,2.3,1,60,4,4,0,0
1224,0.5,1,6,6,18,1,0
1356,2.8,0,29,6,0,0,3
1840,0.5,0,34,1,16,0,1
1481,0.7,1,37,5,13,1,2
961,1.5,0,51,6,16,1,2
1296,0.9,1,14,5,3,1,0
1193,0.9,0,26,1,20,0,0
1441,2.1,1,3,8,17,0,2
517,1.4,1,33,4,8,0,3
748,1.7,1,27,8,4,0,1
1126,2.4,1,10,6,3,1,2
1572,0.6,1,58,7,8,0,3
1569,2.8,0,44,4,20,0,1
1270,0.6,1,32,7,6,1,3
1854,3,1,8,5,5,1,1
625,1.2,1,10,4,8,1,2
1577,0.5,1,42,5,4,0,2
534,0.5,1,16,5,1,0,3
946,1.7,1,25,6,15,1,2
685,0.5,0,29,7,10,0,0
1949,1.3,0,23,5,1,0,3
947,0.8,1,22,2,13,0,2
801,2.2,0,63,7,4,0,1
703,2.7,1,30,1,20,0,0
1165,2.4,0,41,6,12,0,0
1082,0.8,0,38,8,5,1,2
959,2.6,0,20,4,19,0,3
1502,1.2,0,54,5,12,1,3
1380,2.1,1,4,3,13,1,0
1266,0.5,1,5,6,9,0,2
1934,2.6,1,46,1,17,1,3
1905,0.5,1,6,1,5,1,1
1831,1.4,0,43,5,5,1,3
596,1.4,0,46,1,18,1,1
1562,1.3,1,7,5,15,0,2
1490,0.5,1,64,8,8,1,3
1523,2.4,1,57,2,6,1,3
640,0.6,0,20,4,15,1,2
1526,2.1,1,23,7,8,1,2
1989,2.5,1,41,3,13,1,2
1308,1.9,1,61,3,7,0,3
609,0.5,0,26,4,4,1,1
1905,0.6,1,36,3,20,0,1
1703,0.5,1,22,1,0,0,0
1445,2.4,1,20,7,15,1,1
1087,1.3,1,16,3,9,0,0
671,0.9,0,30,7,17,0,2
1472,2.3,0,61,6,19,0,2
765,0.5,1,47,8,1,0,2
1642,0.5,1,8,6,17,0,2
1265,1.5,0,49,5,16,0,1
664,1.1,1,51,7,4,1,3
1277,0.5,1,35,6,6,1,3
1395,1.8,0,23,3,1,0,2
1539,2.6,0,41,8,0,0,2
1049,2.2,0,63,5,17,0,0
1827,1.7,1,39,5,16,1,2
903,1,1,50,1,0,1,0
1987,0.5,1,53,3,7,1,3
1154,1.2,1,49,8,2,0,0
1336,0.9,1,17,5,9,1,1
1886,0.5,1,24,3,1,0,1
1551,1.1,0,51,5,6,1,3
850,1.6,1,29,5,19,0,0
660,0.5,1,40,2,10,1,0
1225,2.1,0,13,4,12,0,3
1452,0.5,1,25,6,11,0,2
1686,2.8,0,38,4,4,0,3
1634,1.4,1,17,2,5,1,3
1708,2.4,1,49,1,19,1,3
1151,2.9,0,31,8,1,1,2
1578,1.9,1,37,4,19,0,2
1689,1.8,0,24,3,18,1,3
1488,0.5,0,39,5,6,0,3
1313,1.8,0,9,1,6,1,3
1715,1,1,31,8,17,0,0
1442,1,0,27,3,19,1,1
528,1.7,1,6,2,15,1,2
1523,1.8,1,11,1,8,1,0
1133,1.4,0,42,5,12,0,1
1718,2.5,1,6,5,16,1,3
1330,0.5,0,38,7,1,0,1
1799,0.5,0,49,4,2,1,0
633,2.2,1,49,8,1,1,2
724,2.7,0,44,7,0,0,2
822,0.5,1,51,6,20,0,3
1918,1.9,0,10,5,10,1,2
1891,2.8,1,37,7,14,0,3
1373,1,0,50,7,12,0,3
862,0.8,0,23,2,15,0,0
1273,1,1,48,4,15,1,1
957,2.5,0,7,5,10,0,1
1617,1.3,1,30,2,4,0,0
893,2.5,0,55,2,1,1,2
1210,0.5,0,63,5,0,0,2
708,2.7,1,63,8,7,1,1
835,1.1,0,7,4,7,1,0
1450,2.7,0,19,1,17,0,0
973,1.5,1,57,7,16,0,2
601,1.4,1,4,4,13,1,0
507,0.5,0,32,7,11,1,1
564,1.8,1,51,3,1,1,0
1559,1.6,1,6,6,17,1,3
754,0.5,1,59,7,10,0,1
728,2.7,0,25,4,1,1,1
1431,0.5,1,56,1,1,0,0
767,1.5,0,28,4,10,1,0
1722,2.6,0,18,2,16,0,3
1992,1.6,1,57,2,15,1,1
1876,0.5,1,40,6,14,1,3
1054,1.1,1,38,6,12,1,1
1283,1.6,0,47,5,5,1,2
1281,2.3,0,28,1,6,1,1
1066,0.6,1,7,7,18,1,0
730,2.1,1,4,8,2,1,0
1053,0.8,1,45,1,12,1,3
1611,0.5,0,3,3,14,0,1
793,1,1,30,2,15,1,2
1220,2.9,0,62,4,8,1,2
1662,0.5,1,61,4,13,1,3
1281,2.8,1,8,4,19,1,1
538,0.8,1,2,7,13,0,0
823,0.5,0,39,8,4,0,0
1733,2.8,1,36,6,20,0,3
1429,1.5,1,40,3,14,0,3
1839,1.2,1,54,7,11,0,1
659,2.7,1,6,3,7,0,1
1953,2.1,0,56,8,9,0,2
1172,1.9,1,27,1,3,0,1
612,1.9,0,16,7,7,0,3
1563,2.4,1,24,8,0,1,3
1191,1.3,1,26,1,20,0,1
615,0.5,0,42,6,4,0,1
1893,2.1,0,63,2,11,1,3
1563,1.7,0,16,7,13,0,3
1995,1.9,0,9,6,18,1,2
1517,0.5,1,48,5,14,1,3
832,1.6,1,34,5,5,1,0
1162,2,1,56,7,1,0,1
1595,2.6,0,12,8,19,1,3
1329,1,0,52,6,2,0,1
928,0.5,0,56,8,13,1,0
1656,0.5,1,38,7,17,0,1
1937,1.7,0,58,1,19,1,3
977,1.1,0,57,6,7,1,0
768,0.9,1,56,1,20,0,0
1464,0.5,0,12,2,14,1,3
1177,0.9,1,29,2,8,0,0
1348,2,0,52,3,20,1,1
1956,2.2,1,37,3,2,1,1
1751,0.5,0,8,6,20,0,2
1530,2,0,42,6,13,0,0
1997,1.8,0,40,4,8,0,2
1414,1.5,0,44,2,6,1,3
1707,1.4,0,41,7,2,0,2
894,0.5,1,50,3,14,0,3
645,1.2,1,41,8,17,1,0
1163,2.8,0,49,2,0,0,2
1126,0.7,0,49,8,17,0,3
1648,0.7,1,64,4,9,1,1
1170,0.9,1,14,2,13,0,0
508,0.8,1,42,1,8,0,0
1097,2.1,0,64,3,8,0,1
728,1.7,1,5,2,20,1,0
1980,0.5,1,29,1,13,0,3
1504,2.3,0,64,1,2,1,3
1379,2.1,1,63,1,17,1,0
1698,2.1,1,18,6,20,0,0
920,2.1,0,25,7,14,1,0
1144,1.5,0,21,1,11,0,2
1995,0.5,0,26,1,15,1,1
1430,0.5,0,27,1,16,1,2
972,0.5,0,13,5,8,1,1
662,0.5,0,20,1,10,1,1
1867,2.3,1,9,6,3,0,1
1730,2,1,20,4,10,1,1
1723,1,1,7,3,17,1,1
1882,1.3,0,47,2,13,0,2
803,0.8,0,18,4,1,1,2
580,1.2,0,47,3,1,1,3
668,2.3,1,48,1,19,1,0
1391,1.4,1,36,1,6,1,2
1560,2.3,1,22,7,1,1,2
821,1.8,0,54,3,9,0,2
811,2.4,1,2,6,13,0,1
1989,2.9,0,17,8,15,1,2
1034,2.7,0,37,7,20,1,3
618,2.1,0,6,1,4,0,0
654,1.3,1,52,4,4,0,1
576,2.8,1,10,5,7,1,2
667,0.6,1,3,6,13,0,2
869,1,1,57,1,15,0,2
635,0.5,0,42,3,4,0,2
609,3,1,44,1,16,0,1
1557,2.8,0,2,5,20,0,3
1604,1.7,0,33,8,5,1,0
1182,0.5,1,8,8,16,0,2
848,2.1,1,19,7,18,0,2
1610,2.9,1,64,4,12,1,1
1828,2.1,0,17,1,1,0,2
880,2,1,50,7,3,0,0
1394,0.9,1,62,5,13,1,0
1960,2.3,1,61,7,3,0,3
809,0.8,0,21,7,19,0,1
899,0.5,1,57,2,18,1,0
1976,0.7,0,32,2,7,1,3
879,1.5,1,21,4,2,0,2
916,2.6,0,36,4,12,1,0
763,1.7,1,2,8,14,1,0
508,1.6,0,9,6,2,1,2
825,2.9,0,34,8,17,1,3
1864,1.4,1,46,1,12,1,2
1725,0.5,1,52,6,12,1,1
1108,2.9,0,52,2,12,1,3
1011,1.1,1,36,7,18,1,1
1703,1.5,1,55,5,19,1,3
1067,1.7,0,58,7,0,1,0
1334,2.4,1,42,5,14,0,3
775,2.6,0,30,7,10,0,2
1899,0.6,0,26,2,0,0,0
930,1.3,1,14,6,10,1,1
1058,1.5,0,19,4,14,0,0
1187,2.2,1,46,2,9,0,3
1874,2.7,0,8,7,13,0,1
1482,0.5,0,48,7,10,1,2
1809,1.7,1,59,3,4,0,2
864,3,1,54,2,1,1,2
625,1.9,1,33,1,20,0,2
1880,1.8,1,18,3,5,0,3
1138,1.4,1,44,8,17,0,3
560,0.5,0,23,8,15,1,1
1117,0.5,0,12,7,8,1,2
1712,1.4,0,63,7,12,0,3
1836,1.7,0,26,6,16,1,3
1036,2.4,0,39,7,3,1,1
1860,2.3,0,23,4,16,1,3
1375,1.1,1,9,7,19,1,3
1945,1.6,1,57,4,1,1,1
1896,0.5,1,7,2,13,0,3
788,2.5,1,57,8,12,1,3
880,1.7,0,33,2,2,1,0
1323,2.5,1,28,4,12,1,1
1868,2,1,42,1,4,1,3
1266,1.9,1,7,3,12,1,2
1042,2.7,1,50,7,18,1,3
1479,0.5,0,19,3,10,0,3
1476,1.2,1,55,4,5,0,2
1552,2.2,1,13,6,9,1,2
1454,0.5,0,34,4,3,1,3
1007,2,0,45,5,2,0,3
652,2.4,1,17,5,11,0,0
1504,1.5,1,34,8,15,0,2
1726,0.9,0,51,4,3,0,2
1029,1.9,1,5,5,8,1,0
1582,2.8,1,44,6,13,1,3
1478,0.8,0,48,5,17,0,1
1178,1.3,0,49,5,0,0,2
707,2.1,0,25,3,17,0,3
755,2.8,1,51,4,12,0,2
912,2,0,54,8,5,1,1
651,0.8,1,63,5,4,1,1
1483,2.1,1,54,7,2,1,1
914,0.9,0,4,2,12,1,0
1456,0.5,0,7,5,12,0,1
1178,2.2,0,57,3,17,1,2
1503,0.7,1,43,4,14,0,2
1681,2.5,0,11,2,13,1,0
715,2.3,0,48,4,6,0,2
1876,2.8,1,56,3,4,0,2
1190,2.2,0,47,6,10,1,0
1755,1.3,1,24,7,2,0,3
1197,1.3,1,20,6,7,1,1
1048,0.9,1,28,2,19,0,1
1887,3,1,17,8,7,1,3
1772,0.5,0,64,8,15,1,1
1421,2.8,1,57,1,2,0,3
1464,0.5,1,17,6,8,0,1
728,2.3,0,23,4,5,1,0
954,0.5,0,50,2,11,0,0
685,0.5,1,13,7,15,1,3
1472,2.8,0,36,6,10,1,1
853,2,1,3,2,16,1,3
1469,2.1,0,8,7,0,1,0
1310,2.3,0,57,8,9,0,0
1654,1.8,0,11,7,2,1,1
902,0.7,0,3,7,9,0,3
1448,1.4,0,26,3,16,1,1
1631,0.9,1,3,7,12,0,0
1608,1.8,0,28,2,13,0,0
1991,2.7,1,64,2,13,1,2
1349,2,0,62,5,16,0,2
1589,2.5,1,51,1,18,0,2
1844,2.3,0,51,8,3,1,1
712,0.5,1,35,2,10,1,1
972,1.7,1,54,3,4,0,1
1406,0.5,1,34,3,5,0,3
1289,0.9,1,25,6,12,1,0
932,1.3,0,64,7,2,1,3
1747,0.9,1,48,3,19,1,2
1172,2.1,0,41,3,7,0,1
1128,1.4,0,53,5,14,1,3
664,1.2,0,28,5,5,1,1
513,0.5,1,44,4,12,1,0
1742,2.3,1,43,7,12,0,2
1512,1.7,0,6,7,17,1,2
1986,0.5,1,51,8,20,1,1
965,1.5,0,13,2,14,1,0
1067,2.4,1,40,8,15,0,0
1583,1.6,1,42,3,10,0,3
1653,0.5,1,37,4,6,1,3
1433,1.6,0,4,8,11,1,0
765,2.9,1,18,7,0,1,0
1845,0.5,0,61,1,12,0,1
752,0.5,0,48,7,13,0,3
1948,2.8,0,16,5,10,1,3
1077,2.5,1,45,3,4,1,1
932,0.5,1,60,4,2,1,0
1968,0.9,0,22,3,7,0,2
1122,1.2,0,2,4,14,1,2
1588,0.5,1,61,1,13,1,3
601,2.1,0,26,4,18,0,0
1615,0.5,0,15,4,16,0,3
1589,2.2,0,58,4,4,0,3
1417,2.7,1,56,6,4,0,0
1697,0.7,1,34,1,3,1,3
1330,1.3,0,3,5,17,0,0
1476,0.5,1,43,2,2,0,3
1579,1.5,0,27,6,18,1,1
1277,3,1,41,4,3,1,0
1089,0.9,1,2,5,15,0,2
1663,2.5,1,27,4,14,0,2
1949,1.8,0,20,5,4,0,1
1138,1.1,1,48,3,14,1,2
685,2.7,0,17,6,20,0,0
1889,2.8,1,31,1,10,1,3
857,2,0,17,7,9,1,2
1902,2.8,0,50,8,9,1,0
1225,2.4,0,15,5,0,1,1
1066,1.6,0,39,5,17,1,2
1554,0.5,0,5,3,12,0,3
1337,0.5,0,31,2,20,0,1
1926,1.7,1,33,3,2,0,2
869,1.3,0,34,2,4,0,3
1278,0.5,0,54,8,16,0,0
1773,2.5,1,32,6,18,0,3
1661,0.8,1,6,7,2,0,1
1438,2.2,1,32,7,6,1,0
1661,1.4,0,29,2,0,1,0
1846,0.6,0,19,1,2,1,1
1260,2,1,23,7,10,0,2
512,0.5,0,15,3,15,1,2
581,2.2,0,59,5,6,0,2
1872,2.3,0,44,3,15,0,2
687,1.3,1,50,4,20,1,3
1062,2.5,0,10,1,13,0,3
1678,2.3,0,7,1,14,0,0
1417,0.5,1,45,4,19,0,1
1074,2.4,1,9,6,14,1,1
1832,0.7,0,2,7,6,0,2
1039,1.3,1,12,8,0,1,1
1059,2.4,0,61,3,18,1,3
1606,1.4,0,57,4,4,0,3
1928,1.8,1,19,3,20,1,3
1875,0.5,1,55,1,17,0,3
1128,1.1,1,46,8,10,0,1
1748,1.7,1,14,3,7,0,3
1413,0.5,0,51,5,11,0,3
825,0.5,1,23,2,0,0,3
1589,1.4,1,26,8,16,0,3
535,0.5,1,54,8,15,0,2
1780,0.5,0,27,4,11,1,3
1671,0.6,1,61,2,11,0,2
1821,0.9,1,12,1,18,1,2
1076,2.6,1,38,6,8,1,0
532,0.8,0,8,5,10,1,0
777,2.6,0,30,5,17,0,3
1217,0.5,0,17,4,13,0,1
1656,1.6,0,16,7,2,1,2
1185,1.9,0,31,8,7,1,2
577,2.4,1,37,6,20,1,0
737,2.4,0,49,4,16,1,2
704,2.2,0,53,6,6,1,2
525,0.5,0,51,8,11,1,1
504,0.5,0,16,1,9,0,0
793,1.2,1,38,4,7,1,3
569,0.6,0,39,8,9,0,1
1590,1.9,1,21,5,18,0,1
707,0.5,1,16,2,0,1,1
767,1.9,1,19,6,17,1,1
1350,0.5,1,50,8,4,1,1
1117,0.6,0,31,2,7,1,2
641,1.1,1,7,1,3,1,2
1002,0.8,1,35,2,4,0,1
1408,2.1,0,45,5,14,0,3
1900,2,0,41,8,6,1,1
726,2.9,0,43,8,0,1,0
1544,2.3,1,45,8,20,1,1
1454,1.6,1,21,4,10,1,0
1230,2.2,0,26,5,7,1,0
1552,1.2,1,53,8,18,0,2
1519,2.1,0,32,1,10,1,2
723,1.9,0,30,1,7,1,2
1191,2.4,0,13,1,7,1,0
1168,1.3,0,61,8,10,0,3
1229,0.5,0,14,2,16,0,1
1758,0.5,1,13,8,14,0,2
1290,0.5,0,3,6,4,1,1
574,2.8,0,38,6,17,1,2
1271,0.5,0,32,7,15,0,0
1170,1.2,0,30,8,15,1,0
1269,1.3,0,52,2,15,0,1
1288,2.8,0,50,2,20,0,3
1366,0.7,1,34,2,9,0,3
1572,0.8,1,8,5,8,1,3
1627,0.9,1,32,6,16,1,3
1701,0.5,1,46,2,15,1,3
1900,0.5,1,55,1,1,0,3
1974,1,0,24,7,13,0,0
1197,0.5,0,20,5,10,1,2
587,2.3,0,6,1,16,1,2
934,1.1,0,24,5,12,0,0
1195,2,1,23,4,9,0,0
1853,1,0,23,1,15,0,3
1164,1,1,19,8,18,0,3
1512,0.5,1,18,3,17,1,3
1232,2.9,1,24,5,17,0,0
1813,0.6,1,5,3,8,1,0
946,2.6,0,5,3,20,1,3
739,2.3,1,58,3,4,0,0
704,2.7,1,29,1,10,1,0
1663,0.5,0,40,4,15,0,1
1966,1.4,0,40,8,18,1,2
1219,1,0,17,5,4,1,0
612,0.7,0,35,5,12,0,2
1658,1.4,1,39,1,5,0,3
1263,0.5,0,64,5,18,0,1
1395,2.8,1,55,3,1,1,3
621,2.7,0,54,4,20,1,2
652,0.5,0,58,3,2,0,0
1175,0.6,0,25,2,12,0,2
561,1,0,11,8,10,1,2
1137,2.2,1,3,5,7,0,0
1835,2.3,1,11,7,13,0,0
1170,2.9,0,40,6,5,1,1
1595,0.8,1,44,4,20,0,3
1719,2,0,12,8,7,0,0
1770,2.3,0,7,7,6,0,1
1312,0.5,1,28,2,0,0,1
1878,1.5,1,56,5,13,1,2
1871,2,1,20,7,14,1,2
922,1.5,1,35,7,15,1,0
1975,1.5,1,16,8,11,1,2
1212,2.6,1,46,4,8,1,2
1430,0.9,0,56,3,5,0,0
1958,1.9,0,4,2,3,0,1
1836,2.1,1,30,7,15,1,3
557,1.6,0,24,3,0,0,0
539,0.6,0,21,7,14,0,2
880,0.5,0,44,8,15,1,2
1369,1.8,0,34,1,7,1,3
1109,2.7,0,39,1,9,1,1
843,1.8,0,16,5,6,0,3
598,2.3,0,21,2,10,0,2
972,2.7,0,5,4,2,0,2
1944,0.5,1,36,6,18,1,1
1225,0.7,1,2,7,1,1,2
644,1.3,1,30,1,16,0,2
1919,1.5,1,48,4,6,0,1
501,2.3,1,54,4,19,0,1
1620,2.2,1,30,3,3,0,0
1227,1.1,0,34,3,3,1,1
1359,0.5,1,58,6,3,1,0
1914,0.7,0,35,8,2,0,1
1645,1.8,0,21,7,2,0,0
1063,1.1,1,26,5,2,0,3
946,2.1,1,19,8,0,1,1
1231,1.2,0,54,3,10,1,1
1397,2.9,0,9,6,18,1,3
701,0.7,0,15,3,11,1,1
570,0.5,0,9,7,5,0,3
1993,0.5,1,27,8,11,0,2
955,0.5,0,43,5,8,1,1
924,0.5,1,47,8,6,0,1
600,0.5,0,14,5,2,0,0
518,0.8,0,3,7,1,0,2
1063,2.5,1,31,6,10,1,0
920,0.5,0,46,3,3,0,2
1715,1.9,1,3,5,6,0,0
1841,1.3,0,14,8,8,0,2
543,0.5,1,60,5,7,1,0
1762,2.7,1,25,1,14,1,1
1112,0.5,0,53,4,16,1,3
709,2,0,35,1,0,1,1
1315,2.6,0,64,7,16,0,2
1762,2.5,1,15,8,11,1,2
1462,1.7,0,25,7,18,0,0
571,1.6,0,35,7,20,1,1
666,0.5,1,54,3,13,1,0
1994,1.5,1,7,8,7,0,3
1583,2.1,0,14,7,16,0,2
1778,1.4,1,45,4,17,1,1
1926,1.1,1,50,6,17,1,3
966,0.6,1,50,4,10,0,2
568,2,0,36,3,4,0,0
1897,3,1,21,8,2,1,0
1695,0.5,1,46,3,9,1,1
1623,1.2,1,61,7,12,1,2
914,0.5,1,26,4,0,1,0
1721,0.5,1,33,4,5,1,0
890,2.2,0,44,8,13,0,0
600,0.5,0,48,3,7,0,2
1677,1.8,0,11,6,8,0,3
723,0.5,1,3,4,3,0,1
638,1.7,0,27,4,17,1,2
852,1,1,62,7,13,1,1
1979,1.6,0,32,7,1,1,0
710,0.5,0,32,5,9,1,0
1034,2.6,1,45,3,4,0,0
600,2.5,1,22,1,11,0,2
1027,0.5,1,64,2,7,0,3
1260,0.6,1,13,6,6,1,2
1793,1.8,0,12,6,17,1,3
675,2.3,0,60,5,15,0,0
658,2.7,1,12,7,3,0,3
1694,0.6,1,34,7,7,1,2
804,0.8,1,41,1,13,0,1
1713,2.5,0,27,7,3,0,2
706,0.5,1,31,3,19,0,1
1362,0.5,0,25,7,9,1,0
1527,2.7,1,60,5,14,1,2
768,0.5,0,19,2,1,0,0
1314,2.9,1,41,4,12,1,0
705,0.5,1,57,6,9,1,1
1403,2.7,1,26,5,3,0,3
1486,2.6,0,52,4,15,1,0
781,1.1,0,38,5,7,0,3
986,1.5,1,23,8,3,0,1
1310,1.4,0,33,1,14,0,1
560,2,1,57,3,12,0,1
1348,1.3,0,43,5,6,0,3
1567,0.5,0,22,6,6,0,2
1940,0.9,0,17,5,7,1,2
1979,2.9,1,19,3,9,1,0
561,2.1,1,2,3,13,1,0
1717,1.3,0,62,1,3,1,3
535,1.5,1,48,1,4,1,0
1413,0.5,1,39,5,12,0,3
1358,2.5,0,20,7,0,0,3
1519,2.9,0,30,7,8,1,2
1254,1.2,0,50,5,6,1,3
1591,2.2,1,49,6,7,1,3
977,2.8,0,35,2,15,1,3
1640,0.7,1,21,7,14,1,0
663,0.8,0,25,2,1,0,2
1744,1,1,20,8,3,0,1
1624,1.6,0,28,2,10,0,2
1108,1.3,1,2,7,20,1,0
1188,1.4,1,9,2,0,0,3
817,1.3,0,11,3,11,1,1
863,1.6,1,6,4,13,0,0
1397,2.4,1,3,3,15,1,1
1108,1,0,49,5,12,0,3
1068,2,1,37,7,13,0,1
1702,2.3,1,52,2,15,0,3
808,0.5,0,8,4,1,0,3
1156,0.5,0,61,7,9,1,1
1271,0.5,0,54,8,3,1,0
696,0.5,0,51,3,8,0,1
1981,1.9,0,45,6,18,1,1
614,1.7,1,58,7,2,1,2
1590,0.6,0,7,3,17,1,1
1945,1.6,0,21,3,10,0,3
1135,2.8,0,43,1,11,0,3
1049,0.6,1,2,6,10,0,0
1807,2.1,0,49,1,10,1,2
984,0.5,1,42,7,17,1,0
720,1.4,1,61,7,8,0,3
1536,0.8,0,13,7,20,1,2
771,0.5,0,25,4,6,1,0
503,2.5,0,57,6,11,0,0
675,2.4,0,42,7,2,1,2
1936,1.9,1,34,7,14,0,1
1303,1,1,15,3,10,1,2
1004,2.9,0,35,6,9,1,3
1972,1.2,0,37,2,1,0,3
1822,1.2,0,8,6,0,1,2
1159,2.8,1,18,1,7,1,1
1782,2.8,1,58,1,13,0,2
894,2.1,0,16,8,20,1,2
1884,2.1,1,43,1,18,1,3
1648,0.5,1,17,2,3,0,1
798,2.4,0,4,3,9,1,2
802,2.4,0,45,3,9,0,3
1276,2.9,0,53,2,3,1,3
1331,1.6,0,16,2,7,0,1
1620,2.6,0,5,6,18,0,1
1996,2.5,1,51,4,9,0,2
1092,2.7,0,45,1,10,1,1
1018,0.7,0,63,5,18,0,2
545,0.5,1,11,3,1,1,0
554,1.3,0,12,6,10,1,2
1264,2.9,1,34,3,3,1,0
1030,1.6,1,58,6,20,1,3
1432,1.7,1,39,4,18,1,0
558,2.8,1,49,5,4,1,0
829,0.5,0,56,7,1,0,0
1741,1.8,0,14,8,0,0,3
1849,2.3,1,15,5,19,0,3
733,2.1,1,7,7,10,1,0
1872,0.9,0,16,2,2,0,2
1853,0.5,0,27,6,13,0,2
1149,2.2,0,30,6,5,0,3
891,0.5,1,25,2,19,0,1
1911,2,1,64,8,8,1,3
550,0.5,1,23,2,17,0,0
576,0.8,1,27,2,4,0,1
1760,1.9,1,50,1,2,1,2
969,2.4,0,45,7,0,0,0
1160,1.1,1,63,3,2,0,0
827,1.1,1,18,2,16,1,0
1786,0.5,1,58,7,10,1,3
774,0.6,1,8,1,4,1,2
819,2.5,1,11,8,1,0,0
1042,2.2,1,11,5,16,0,2
1368,3,0,50,7,18,1,2
1592,2.1,1,50,2,17,0,1
1067,1.8,0,14,1,15,0,0
1892,0.7,0,47,4,10,1,2
915,1.1,0,56,8,17,1,0
774,2.8,1,55,3,18,1,3
1848,1.4,1,42,2,10,0,3
1501,1.1,1,2,1,15,1,2
1614,1.9,1,55,3,17,0,3
911,2.9,0,46,5,1,1,0
1520,0.5,1,24,5,8,0,3
1647,1.4,1,38,6,15,0,2
1347,0.9,1,53,6,15,0,3
967,1.6,0,25,8,9,1,2
1442,2.2,1,56,5,3,1,2
1204,2.6,0,10,7,3,0,1
1320,2.1,1,41,7,2,1,0
1800,0.7,1,8,7,6,0,3
1567,2.1,0,22,3,19,0,3
1439,0.9,1,20,1,17,0,1
1422,1,0,3,1,17,1,0
1591,2.2,1,52,3,16,1,0
880,1.7,0,6,4,19,0,2
1929,0.5,1,19,6,2,1,1
1642,1.6,0,5,5,2,0,2
1511,2.5,0,21,3,18,0,3
1312,1.3,1,10,2,9,1,3
1852,1.4,1,10,1,18,0,3
972,1.3,0,44,7,10,1,3
691,2.7,1,33,4,8,1,0
807,0.5,0,8,5,20,1,0
1113,0.6,0,25,1,10,0,0
721,1.3,0,16,1,18,1,1
1188,1.5,0,54,6,2,1,0
1512,0.5,0,52,1,14,0,2
805,0.7,0,64,4,14,1,0
918,0.9,0,8,7,5,1,1
1320,0.5,0,48,5,16,0,2
1236,0.9,1,57,1,14,0,0
1387,0.5,1,61,3,0,1,0
1883,2.7,1,30,2,10,1,3
839,2,0,14,7,3,0,3
1593,1,1,52,8,0,1,1
1722,1,0,25,6,19,0,3
1954,0.6,0,7,3,9,0,3
1788,0.5,1,2,6,20,0,2
1628,0.5,1,33,6,8,0,3
1965,0.5,1,4,7,9,1,3
833,2.2,0,27,1,6,1,1
571,0.6,1,43,3,8,0,1
1808,0.5,0,31,2,16,0,3
1860,0.5,1,55,6,3,0,0
1368,1.6,0,9,7,7,1,3
1161,1.3,1,21,8,12,0,3
1224,1.6,0,33,1,18,1,3
902,0.6,0,63,5,14,1,3
787,0.5,0,11,1,16,0,2
854,0.5,0,30,8,5,0,2
1184,1.5,1,48,1,6,1,3
1973,1.6,1,39,4,6,0,2
510,1.7,0,35,3,6,1,1
966,2,1,34,2,10,1,3
1438,1.8,0,16,8,7,0,2
1986,0.5,0,51,3,9,0,3
1907,2,0,55,7,15,0,0
1489,2.4,0,32,1,16,0,0
1843,1.8,1,16,6,18,1,3
825,1.5,0,38,3,18,1,0
1286,2.3,1,16,2,18,1,0
840,0.6,1,63,7,19,1,3
757,2.3,1,58,4,7,0,2
814,1.1,0,41,2,10,0,1
1195,1.1,1,8,6,6,0,0
767,0.8,1,10,4,12,1,2
1068,1.3,1,52,8,7,0,1
994,2.8,0,56,3,3,1,2
1550,2.5,0,21,2,11,1,2
1878,0.5,0,29,8,19,0,1
623,2,0,6,3,4,1,2
1829,0.5,1,15,5,7,0,2
525,2.4,0,35,7,20,0,0
1065,0.5,1,14,2,2,0,2
1425,1.2,1,35,8,14,1,0
1296,1.4,0,11,7,4,1,2
642,2.8,0,34,2,15,0,2
1664,2.9,1,15,7,19,0,2
1498,0.7,1,8,7,4,0,3
981,1.9,0,2,3,7,0,0
1236,2.8,1,32,4,18,1,0
1673,2.8,0,9,3,10,0,3
712,1.6,1,9,2,14,0,3
569,0.5,1,4,3,19,1,1
603,0.7,1,64,6,0,1,0
1332,0.8,0,11,2,4,1,1
1413,0.6,1,13,1,0,1,0
1064,2.9,1,34,6,13,0,0
1444,0.6,0,48,5,17,1,3
1366,1.7,1,53,5,9,0,3
906,2.1,0,18,2,11,0,3
1554,2.7,1,47,5,12,0,0
1187,2.3,1,21,6,6,1,2
1156,2.7,1,30,3,16,0,2
1918,2.8,0,22,1,5,1,1
841,0.5,0,39,6,13,1,2
730,1.3,0,6,7,10,0,2
878,1.3,1,31,4,18,1,2
1059,0.5,0,50,8,1,1,0
1578,2.9,0,3,1,20,0,3
1829,1.7,0,36,5,1,0,1
1132,1,0,8,1,4,1,1
1652,0.6,1,40,7,6,0,3
912,0.5,0,58,5,1,1,3
1181,2.3,1,61,2,16,1,1
1497,0.7,0,32,3,9,1,2
1790,2.3,1,49,3,11,0,3
1742,1.6,0,49,1,9,0,2
1549,0.5,0,8,5,7,1,2
1372,2.7,0,34,4,17,0,0
1112,0.5,1,12,4,6,1,3
1005,0.5,0,46,8,17,1,3
783,1.7,1,27,6,11,1,0
1698,2.5,1,26,2,18,0,2
899,2.7,1,53,4,11,0,2
1062,1.5,0,45,3,4,0,0
989,2,0,17,3,19,1,3
1983,1.2,1,27,1,11,1,3
1800,3,0,53,1,12,0,0
1254,1.7,1,45,3,3,1,1
868,1.7,0,30,4,0,0,1
1205,0.5,0,12,4,6,0,0
1284,2.8,0,10,2,14,1,1
626,0.7,1,23,2,9,0,2
1763,2.9,1,53,4,20,1,1
694,1.8,0,36,4,20,0,3
1265,0.6,1,49,1,5,0,1
816,0.5,0,14,3,13,0,0
904,1.8,1,35,3,4,0,0
979,0.5,1,5,7,2,0,3
1531,2,1,60,6,1,0,2
934,2,0,30,8,15,0,0
1624,2.6,0,58,3,11,1,1
874,1.3,0,8,1,20,0,0
1027,2.2,0,63,5,4,1,1
1966,0.8,1,48,1,16,1,2
1048,1.5,1,29,1,4,0,1
1496,1.9,0,38,4,14,0,1
959,1.7,0,13,4,16,1,2
1349,2.2,0,55,7,7,0,2
1689,2.4,1,13,2,9,1,0
1558,2.4,1,27,1,1,0,3
582,0.5,0,27,3,10,1,2
1485,2.8,1,44,4,14,1,3
1991,1.8,0,9,3,12,0,1
553,0.5,1,23,3,3,0,2
1231,0.7,0,7,1,7,1,3
805,0.8,0,34,6,2,0,3
764,1.2,0,13,8,2,1,2
894,0.9,1,54,3,15,0,2
1589,2.6,0,46,3,16,1,2
1456,1.6,1,39,8,10,1,3
743,0.5,1,33,2,1,0,0
1061,2.1,1,52,7,4,1,0
1428,1.6,0,7,4,2,1,1
674,2.8,1,8,3,0,1,0
832,1.1,1,46,6,0,1,3
1625,0.5,1,50,8,17,0,0
907,1.4,0,42,1,16,0,0
1631,0.5,1,13,2,16,1,2
1584,1.3,0,41,4,15,0,1
1382,0.5,1,13,2,18,0,1
633,1.4,1,46,6,10,1,1
1444,2.1,0,38,7,16,0,3
852,1.6,1,54,5,7,0,0
922,0.7,1,47,8,14,0,1
1745,1.5,1,57,3,16,1,3
862,2.3,1,6,8,14,1,3
1754,2.1,1,52,4,3,0,3
1008,2.5,0,36,1,14,0,1
1569,0.5,0,33,1,13,0,3
1596,2.9,0,7,2,9,1,2
1807,0.5,1,61,6,6,0,3
1660,2.8,0,7,1,6,0,1
1861,0.9,1,55,7,8,0,1
648,1.9,0,8,5,19,0,2
1379,0.5,0,19,8,17,1,3
1910,1.7,0,34,2,0,0,0
1807,2,1,13,8,0,1,0
1923,0.5,0,46,1,10,1,1
1345,3,1,38,3,11,0,1
904,1.6,1,14,8,9,0,1
1239,1.2,1,52,2,10,0,0
1330,0.9,1,52,4,12,1,3
516,0.7,0,30,1,12,0,2
672,0.5,0,54,4,11,0,0
892,0.5,1,47,1,18,0,1
1778,0.5,1,23,6,11,0,3
1130,2.5,1,58,5,14,0,0
1359,0.6,0,59,2,6,1,3
1866,2.5,1,47,5,9,0,1
1597,2.3,0,34,1,14,1,0
1046,2.8,1,58,8,0,1,3
1035,0.6,1,44,3,3,1,3
1175,1.3,0,19,7,9,1,1
1261,0.5,1,11,4,0,0,0
1068,0.7,0,51,4,15,1,0
1713,3,1,20,7,17,0,0
1688,2.5,1,21,7,0,1,3
1413,0.5,1,45,5,6,0,3
559,0.5,0,11,5,14,1,1
1483,2.6,0,19,7,19,0,1
860,1.6,0,48,7,18,0,1
1090,1.3,0,27,4,16,1,1
686,0.5,0,3,6,15,1,0
818,1.3,0,43,6,15,1,0
1456,1.6,0,49,3,20,1,3
774,0.5,1,10,2,9,1,2
1068,0.5,1,19,8,9,1,0
1373,1.9,1,29,6,12,1,3
1777,3,0,20,6,5,1,3
594,0.8,1,28,5,3,1,2
1524,2.6,0,57,2,12,1,0
511,0.6,0,50,3,16,0,0
1402,0.6,0,46,7,12,0,0
965,0.5,0,53,8,19,0,2
1270,2.3,0,58,5,1,0,3
919,0.5,0,13,1,15,0,0
1963,1,1,34,2,17,0,1
1977,1.3,0,31,8,6,0,3
1881,2.2,0,51,5,7,0,1
683,0.7,0,19,4,17,0,2
772,2.6,0,6,2,10,1,0
536,1.4,1,53,3,0,0,0
1694,1.8,0,53,6,0,0,2
1633,1.7,1,33,2,19,1,0
1371,0.5,0,52,4,19,0,2
551,2.8,1,54,7,15,0,0
1221,0.5,1,28,1,7,1,3
1000,0.5,0,63,8,18,0,3
1986,2.7,1,64,4,20,1,1
1119,0.5,1,23,4,1,0,3
1699,0.5,0,59,4,3,1,3
1099,0.5,1,61,3,20,1,1
1576,2.6,0,58,3,16,1,0
950,0.5,0,55,5,10,1,0
1081,2.5,0,49,3,17,0,0
606,2.5,1,53,4,2,0,0
502,1.5,0,37,2,12,1,1
957,0.7,1,4,2,0,1,1
1658,1.4,1,38,5,0,0,2
1681,2.5,0,18,1,7,1,2
1983,0.5,0,43,6,10,1,2
1753,1.2,1,12,7,17,1,1
1632,1.4,0,41,4,1,0,2
1949,1.4,0,57,7,11,0,0
1696,1.7,0,13,3,2,1,0
688,2.5,0,57,7,3,1,3
1104,1.7,1,60,2,13,1,0
1122,2.8,0,28,3,4,1,1
504,0.5,1,46,5,14,0,1
1154,0.5,1,14,7,14,1,0
1727,2.1,1,63,7,8,0,3
1674,2.8,1,52,3,7,0,2
1948,2.8,1,18,2,14,0,0
1218,2.8,0,39,7,14,0,1
531,1.1,0,63,7,14,1,2
1057,2.1,0,5,5,13,0,3
576,1.2,0,30,8,5,1,2
1960,2.1,0,7,7,9,1,3
673,1.7,1,22,1,5,1,1
718,0.7,1,21,1,7,0,1
864,1.7,1,35,3,7,1,1
547,1.9,0,37,5,4,1,1
623,0.9,1,3,8,7,0,3
1793,0.7,0,27,5,13,0,1
1720,0.7,0,19,2,3,0,1
812,0.5,0,64,4,7,0,2
980,0.5,1,33,6,0,1,2
643,1,1,18,8,12,1,1
1925,3,1,16,8,11,1,2
1408,2.5,0,32,4,6,0,3
1522,0.7,0,28,1,5,0,1
587,2.5,1,51,1,17,0,2
1959,0.5,0,18,6,20,1,0
1872,0.5,0,17,6,6,0,1
1043,0.5,0,42,3,8,1,0
1809,0.5,0,23,6,19,1,3
1703,0.5,1,23,6,7,1,0
1095,0.5,0,45,1,5,1,0
1414,2.6,0,27,4,20,0,0
1659,2.5,0,41,7,18,1,0
1540,0.7,0,60,7,12,0,1
1342,1,1,31,7,1,1,3
1189,2.3,0,8,3,14,1,0
518,2.4,1,62,6,0,1,1
1449,0.8,1,10,1,12,1,1
516,1.1,1,39,5,7,1,0
1569,0.8,0,59,3,16,0,3
1312,0.8,0,24,6,0,1,3
1893,0.5,0,23,8,3,1,2
1076,2.5,0,14,5,4,0,1
530,2.6,0,40,6,2,1,0
1044,2.8,0,33,4,13,0,1
1330,1.1,0,37,7,20,0,2
1836,1.1,0,14,5,1,1,2
1741,0.5,1,55,5,3,1,2
1869,2.6,1,30,1,13,0,1
1331,0.5,0,55,3,15,0,1
1655,0.5,1,4,3,12,0,0
605,1.5,1,18,2,14,0,1
1245,0.6,0,30,5,3,0,2
1709,0.8,1,58,2,10,0,2
846,2.6,1,58,4,15,0,2
1403,2.5,0,62,4,13,0,0
688,1.5,0,2,3,2,1,0
775,2.5,1,10,7,14,1,1
1154,2,1,35,5,16,0,3
1375,0.5,1,35,2,3,1,1
1827,0.8,0,61,7,9,1,3
1697,0.5,1,60,4,0,1,0
741,1.5,0,14,5,13,1,0
1672,0.5,1,32,1,20,1,1
514,0.7,0,57,3,7,1,0
1375,1.3,0,12,1,13,0,3
989,1.8,1,55,1,12,0,1
1510,2.5,0,47,2,13,0,0
1266,2.6,0,18,7,2,1,0
1396,2.4,0,46,7,1,0,2
808,2.3,0,45,1,9,1,3
1542,2.3,0,43,2,11,0,3
745,0.6,0,35,8,10,1,1
1735,1.9,1,59,6,0,1,3
586,0.5,0,57,2,5,1,3
1341,2.1,0,36,8,1,1,1
781,1.3,0,64,2,7,0,3
501,0.5,0,22,6,20,0,2
1224,1.8,1,44,2,9,1,0
1970,1.6,1,58,8,19,1,2
618,2.2,1,63,2,1,1,2
1537,2.9,1,46,4,17,1,3
1018,2.2,0,16,8,10,1,3
1545,1.3,1,35,5,20,0,3
1871,2.1,1,41,8,5,0,3
1729,2.1,0,12,1,6,0,1
680,2.1,1,9,3,11,0,2
1106,1.9,0,54,3,9,0,2
635,0.6,1,50,5,13,0,1
618,0.6,0,16,1,14,1,2
1671,0.5,0,5,8,18,1,0
1562,1.2,1,52,7,9,1,2
1975,1.9,0,31,1,17,0,3
831,0.7,1,62,8,9,0,2
1524,1.8,0,10,4,1,0,2
1528,1.8,1,55,5,6,1,1
1447,2.5,0,9,8,16,0,0
1344,1.5,0,14,1,3,1,1
564,3,0,8,2,3,0,1
921,0.6,0,60,2,3,0,0
1413,1.7,0,10,6,6,1,2
831,2.4,0,55,6,12,1,0
802,0.5,0,43,5,6,1,2
1923,1.3,0,24,4,4,1,2
1193,3,0,56,3,17,1,2
904,1.2,1,31,3,11,0,2
1285,2.4,1,51,7,2,0,1
1635,2.6,1,2,4,0,1,2
1923,1,1,14,4,6,0,2
1851,1.9,1,12,6,11,0,0
727,1.5,1,32,7,1,0,1
1396,1.5,1,44,6,1,1,1
877,1.3,1,46,1,14,0,2
696,2.4,1,35,3,13,0,1
1009,1,0,2,8,14,0,1
1526,1.1,1,38,5,6,1,3
987,2,0,20,7,3,1,0
1414,2.2,1,49,4,1,1,1
1732,0.8,0,61,5,3,1,3
1587,0.5,0,50,8,15,0,0
1097,0.8,1,21,7,15,0,2
504,2.8,0,40,3,0,0,0
1159,2.7,1,28,8,18,1,2
1910,1.4,0,29,7,2,1,2
865,1.2,0,59,3,9,0,2
1930,2,0,16,8,12,0,2
860,1.3,1,40,3,13,1,2
1268,2.9,1,42,6,17,1,0
999,1.8,1,27,4,1,0,0
622,0.7,1,9,2,0,0,2
1250,1.4,0,44,7,20,0,1
763,0.5,1,51,5,12,1,2
1100,1.6,0,15,8,14,1,0
815,2,0,51,6,12,0,3
618,0.5,1,57,3,7,1,1
553,2.2,1,18,2,1,0,3
673,2.2,0,3,2,9,1,2
563,2,0,47,7,12,0,2
1590,1.5,1,14,4,15,0,3
1031,2.1,1,11,2,9,0,2
909,0.5,0,30,3,10,1,0
1880,0.5,1,7,4,1,1,3
1479,1.8,1,24,6,0,0,3
1271,1.5,0,2,1,1,1,1
709,1.9,1,13,8,15,1,0
1744,2.8,1,62,1,0,0,0
1314,2.2,1,40,7,1,1,3
1136,0.5,1,9,6,2,0,2
1039,2.7,0,56,8,13,1,2
1300,0.5,0,62,6,7,1,0
732,2.3,1,39,7,11,1,3
511,0.7,1,52,2,10,0,2
1092,0.5,0,11,3,14,1,0
921,2.2,1,10,7,18,1,3
1030,0.5,1,37,1,8,0,2
1130,1.8,0,27,1,8,1,0
1299,2.8,0,60,8,6,1,1
1009,2.8,1,2,7,15,0,2
1735,1.8,0,34,2,17,0,2
1129,2.8,0,49,2,2,1,1
708,1.9,0,26,7,1,1,0
894,0.7,1,58,2,3,0,2
530,2.4,0,32,6,20,1,0
1481,2,0,35,3,0,0,2
1068,2.7,1,45,5,1,0,1
1487,0.5,1,57,3,12,0,2
1524,2.5,1,41,4,20,1,1
1093,1.9,1,22,8,14,1,1
1816,1.6,0,50,5,2,0,3
627,1.8,0,20,3,8,0,0
989,0.7,1,51,3,15,0,1
1895,0.5,1,5,1,11,1,1
805,1.7,1,58,3,10,0,2
713,1.6,1,2,8,9,1,0
864,2.5,1,24,4,15,1,3
1177,0.9,0,11,4,7,1,1
582,0.5,0,32,3,11,1,2
1898,1.8,1,56,7,4,1,2
1158,0.7,1,29,2,20,0,1
1451,0.5,1,57,8,12,0,3
1820,1.4,0,51,7,10,0,2
984,0.5,1,9,3,20,0,0
580,2.1,0,24,4,5,0,2
1263,2,0,5,6,3,1,2
1237,0.5,0,27,8,5,1,2
514,1.6,1,37,1,9,1,3
1515,2.6,1,56,3,1,1,0
721,0.5,1,6,4,9,0,0
603,2.5,0,35,3,16,0,3
1426,2.5,1,55,1,7,0,2
1820,1.7,1,64,1,3,1,1
1215,1,0,16,4,8,0,2
697,2.7,1,20,2,6,1,0
717,0.5,0,10,1,5,1,0
1348,2,0,36,6,6,1,2
1164,2.6,0,61,1,6,1,3
578,0.5,1,62,5,13,1,2
1971,0.5,0,40,7,19,1,0
1794,0.5,1,55,7,7,0,0
1558,2.5,1,32,5,3,1,0
1597,0.9,1,4,1,19,1,2
1240,1.6,0,39,2,9,0,3
1994,0.8,1,7,8,4,1,0
1221,2.3,1,35,7,19,1,2
989,1.6,1,24,8,17,0,2
1180,1.2,1,50,4,20,1,1
718,2.8,0,59,6,13,1,1
1670,1.6,0,47,8,15,1,1
534,2.5,1,21,7,9,1,2
1566,0.5,0,20,2,0,1,1
1935,0.5,1,29,5,9,0,0
504,2.8,0,54,2,10,0,2
913,1.7,1,41,1,14,1,1
1317,1.8,0,43,5,3,1,3
917,0.5,1,31,6,2,1,3
712,2.5,0,49,6,3,0,0
1083,1,0,52,2,20,1,0
1039,0.6,1,6,6,8,0,2
1747,0.5,0,13,6,12,0,3
1449,0.5,0,52,6,0,1,1
1872,0.5,0,49,7,18,1,3
1796,1.6,0,7,4,6,1,1
1097,1.4,0,60,1,17,0,0
1562,0.5,1,20,8,10,1,3
1433,2.3,1,27,7,12,0,3
740,1.8,0,12,1,11,1,0
676,2.2,1,39,1,5,0,1
503,1.8,1,13,1,4,0,3
1020,1.5,1,7,3,18,0,1
896,1,1,4,1,4,1,1
1824,0.8,1,19,2,5,0,2
1512,0.6,1,54,3,2,0,3
1053,2.9,0,42,6,17,0,0
1944,1.8,1,31,4,10,0,3
1174,0.7,1,25,2,8,0,0
627,1.6,1,12,7,17,0,1
1602,2.7,1,46,1,5,0,1
1733,1.5,1,6,1,15,1,3
586,1.4,1,8,8,14,0,2
1528,2.4,0,37,8,3,1,0
875,0.7,0,23,7,7,0,0
1602,0.6,0,58,1,13,1,3
1426,1.6,1,12,5,16,0,1
1370,1.4,1,6,6,8,1,3
609,0.5,1,10,6,6,1,1
840,1.2,1,15,6,8,1,2
991,2,1,12,5,6,0,2
1724,1.8,1,9,2,1,0,3
584,1.8,1,19,3,0,1,0
860,1.3,1,49,6,13,1,3
1541,2.8,1,28,5,15,0,1
615,0.5,0,58,5,8,0,1
912,2.8,1,46,4,11,1,0
1278,1.2,1,60,7,14,0,3
1365,0.6,1,31,4,0,0,0
1702,1,0,36,5,9,0,2
589,0.5,1,59,8,4,1,0
1347,1.5,0,56,1,19,1,2
1644,2.8,1,44,8,0,0,2
956,1.9,0,42,7,11,1,3
1089,1.4,0,2,7,20,0,2
871,0.6,0,52,3,3,0,0
664,1.5,1,6,2,19,0,3
1874,0.6,0,19,2,9,1,1
1928,2.6,0,5,5,16,1,0
888,2.6,1,33,2,17,0,3
1077,1.7,0,58,7,13,0,3
1023,2.3,1,30,8,7,1,1
1426,0.8,1,42,3,10,0,1
831,1.7,1,26,5,11,1,0
1496,1.3,1,6,3,9,1,3
1433,2.3,1,5,5,11,0,1
1095,2.6,1,44,4,5,1,3
643,0.7,1,23,1,9,0,1
1142,1.1,1,6,4,0,0,1
730,0.5,1,27,5,10,1,2
1901,0.5,1,41,2,17,0,0
1510,0.6,0,32,3,8,0,1
1924,2.6,1,59,6,0,0,3
1825,1.1,1,17,4,18,0,3
1275,0.5,1,5,1,9,1,3
987,2.3,0,17,7,17,1,3
1538,2.3,1,13,7,7,1,1
1965,0.5,1,29,5,13,1,3
808,1.9,0,20,6,14,1,0
712,0.5,0,27,2,11,1,1
1507,0.9,1,42,5,0,0,1
912,0.7,0,47,3,6,1,0
769,1.2,0,17,8,4,0,1
948,2.3,0,22,5,20,1,3
507,1.9,1,39,1,0,1,1
1384,2.8,0,60,3,18,0,1
1766,1.3,0,29,8,20,0,2
1407,1.8,1,16,4,6,1,1
614,2.9,1,24,4,7,0,1
1972,2.9,0,14,7,18,1,1
1039,0.5,0,47,8,9,0,1
511,3,1,34,8,13,0,2
1811,2.5,1,5,4,16,1,2
1159,1.5,0,36,4,8,0,2
1848,1.3,0,12,2,19,0,3
1988,0.5,1,16,8,1,0,3
1469,0.5,1,58,7,8,0,2
1423,0.6,0,44,5,13,0,1
1974,0.5,0,10,6,12,0,1
835,0.8,1,42,5,18,1,2
1429,0.6,0,42,5,9,0,1
947,0.5,1,51,2,15,1,2
1446,2.8,1,18,8,1,1,3
1332,1.3,1,7,7,19,1,2
1498,1.2,1,14,4,1,1,0
1576,0.9,1,14,2,4,1,3
1398,1.6,1,26,1,12,1,3
1885,2.4,1,14,4,15,0,1
798,0.5,0,2,2,15,1,2
1436,2.5,1,42,8,1,1,3
1998,1.2,0,31,8,19,1,2
1321,1.3,1,63,8,9,1,1
1021,1.3,0,9,2,12,1,1
1339,2.3,0,40,2,1,0,2
1210,1.6,0,57,4,20,0,1
1949,0.5,1,31,5,9,0,1
882,0.7,1,28,6,16,0,0
1549,1.5,1,27,5,7,0,0
1991,2.2,1,42,1,13,1,0
796,0.5,0,12,1,8,1,0
1012,0.5,0,39,4,6,1,2
1318,1.9,1,11,2,15,0,1
1708,0.8,1,14,4,16,0,1
598,0.8,1,62,8,9,1,2
541,2.3,0,51,8,17,0,0
818,0.5,1,23,5,17,1,2
1414,0.5,1,15,2,0,0,0
601,1.7,1,6,4,11,0,2
561,2.8,1,40,7,6,0,2
1616,2.3,0,52,5,8,1,0
1263,1.4,1,32,2,2,1,3
1604,1.9,1,63,5,2,1,1
539,2,0,24,4,2,1,0
1071,2.6,0,49,4,5,0,3
826,0.5,1,57,2,0,0,0
771,2.9,0,62,1,8,1,1
1811,2.9,0,33,8,2,1,3
1842,2.2,0,56,4,10,1,3
1420,2.8,0,50,8,8,1,0
1763,0.5,0,10,3,19,0,0
1163,1.9,0,2,5,20,0,1
1805,0.5,0,29,4,2,1,1
610,1.6,0,52,4,19,1,3
1533,1.1,1,17,4,20,0,2
1924,0.5,1,63,2,10,0,3
1801,0.5,0,52,6,10,0,0
1726,1.9,1,42,5,3,0,2
794,2.5,0,14,3,19,0,1
1686,0.5,0,28,5,8,0,0
1444,2.1,0,6,1,1,0,0
1004,1.6,1,30,8,1,1,0
1242,2.4,0,28,4,9,0,0
539,1.5,1,26,6,8,1,3
717,1.1,1,14,8,6,0,0
1540,0.7,1,29,7,1,0,0
672,0.5,1,35,8,17,0,0
1325,0.5,1,13,4,8,1,3
950,0.5,1,55,8,7,0,0
948,1.5,0,18,4,7,1,2
1328,0.5,1,27,3,18,0,2
1447,0.5,0,40,2,5,0,0
1973,0.5,0,21,8,7,0,1
1731,2.3,0,60,4,20,1,1
1617,1.5,1,63,2,10,1,2
1791,0.5,1,33,5,4,0,0
851,2.3,1,54,2,9,0,0
856,1.9,1,14,1,7,1,1
714,0.5,0,30,4,2,1,1
951,0.5,1,15,2,17,1,0
1303,2.1,1,10,8,15,1,2
1550,2.7,0,32,7,5,0,2
1759,1.4,1,15,4,13,1,2
1448,0.5,0,2,5,19,1,0
1987,1.9,0,50,8,18,1,1
908,2.1,0,44,5,2,1,3
820,0.5,0,58,4,4,0,0
904,2.7,0,19,6,7,0,0
667,1.3,1,6,6,10,0,2
1109,2.1,0,34,1,4,0,2
1333,1.4,1,59,7,5,1,3
1352,2.4,1,6,6,9,0,1
1600,2.5,0,19,6,9,0,1
1454,1.4,0,37,8,20,0,1
1489,2.1,0,9,3,1,0,1
1823,2.8,0,10,8,19,1,2
1581,1,0,41,4,19,1,1
1672,1.7,1,44,8,4,1,1
1283,0.7,1,27,4,6,0,3
630,2,1,14,8,13,0,0
659,2.2,1,24,8,2,1,3
1811,0.5,0,32,6,0,0,0
688,2.5,0,40,5,20,1,1
514,2.9,0,18,2,8,0,0
1933,2.8,0,16,3,9,1,0
915,2,1,31,3,20,1,0
1006,2.2,1,22,4,8,0,0
1134,0.9,1,13,4,19,1,3
599,2.9,1,64,8,1,0,2
973,0.5,0,53,5,7,1,1
1180,2.5,1,27,6,1,1,0
1237,2.5,0,13,4,12,0,2
659,0.5,1,5,8,10,1,1
1142,1.4,0,6,8,8,1,0
1002,2.7,1,11,6,18,0,0
1392,2.5,1,44,4,2,0,1
602,0.9,0,50,8,18,1,2
1249,0.5,1,55,3,8,1,0
531,0.5,1,12,4,3,0,1
1450,2.1,0,31,5,4,1,1
1342,2.8,0,50,1,8,1,2
832,0.5,1,22,1,8,1,1
867,1.5,1,57,4,0,0,1
1404,2.1,0,44,1,20,0,1
840,0.9,0,33,6,7,1,2
1368,0.5,1,42,1,20,0,1
1927,0.9,0,11,8,12,1,3
1714,0.5,0,31,2,10,0,3
1201,0.5,1,10,6,5,1,0
1796,2.3,0,44,2,11,1,3
1147,0.8,0,28,6,13,0,2
776,1.7,1,20,4,9,1,0
510,2.6,0,33,6,10,1,1
1045,1.2,1,40,6,7,0,2
1497,0.9,1,10,8,20,0,3
1425,0.6,1,33,3,2,0,3
726,2.2,1,40,4,20,1,0
1576,2,1,20,3,0,0,1
714,2.1,1,11,3,6,1,1
1595,1.9,0,63,1,20,0,1
541,1,1,10,4,0,1,1
1617,2.6,0,29,6,20,0,3
1154,1.1,1,5,1,13,0,1
1638,1,0,2,1,11,1,2
1150,2.7,0,39,8,1,1,0
1254,2.3,1,44,1,10,1,2
1806,2,1,54,1,11,0,3
603,1.5,0,12,6,20,1,1
1834,2.1,1,40,4,11,1,3
520,2.3,1,31,6,14,0,1
565,0.6,0,50,2,8,1,1
1689,0.5,0,9,5,15,0,2
742,2.3,0,21,8,1,0,0
1143,1.2,1,22,3,6,1,1
761,0.5,0,3,7,15,1,2
959,1.3,0,36,5,14,1,3
772,1.2,1,8,7,8,0,0
1015,0.8,0,12,3,14,1,1
1824,1.9,1,2,1,14,1,3
1130,0.5,1,29,1,14,1,0
1183,0.5,1,48,8,12,0,0
574,2,1,26,6,2,0,0
1472,3,1,20,2,6,1,0
1868,0.5,1,40,8,17,1,0
1375,2.9,0,20,6,7,0,3
881,1,0,64,3,6,1,1
1742,0.5,1,43,3,7,1,2
1225,0.7,0,60,2,15,0,2
1970,0.5,1,15,2,0,1,2
1186,0.5,0,21,8,4,0,1
1762,0.7,0,60,4,10,0,1
1731,1.4,1,4,6,18,1,3
852,1.8,1,8,5,9,0,0
848,1.5,1,36,4,16,1,1
1575,2.5,1,11,7,20,1,2
1554,2.8,0,23,6,18,0,2
1972,1.6,0,48,8,2,0,3
827,0.6,1,35,6,17,0,1
1063,1.5,0,3,4,10,1,1
1695,2.3,0,34,5,10,0,3
1343,2.4,1,14,8,10,1,0
834,0.5,1,27,1,16,1,1
595,2.6,1,20,2,18,0,0
1081,1.9,1,42,7,17,0,1
911,1.4,0,14,4,4,1,3
844,2.2,1,22,7,2,0,3
1335,3,0,60,2,4,0,3
1883,1.6,0,24,1,16,0,3
1128,0.5,0,33,8,7,0,1
826,2.4,1,57,2,17,0,1
1650,2.3,1,38,1,1,1,0
1162,1,0,50,4,10,1,1
1517,2.5,1,8,4,18,0,2
963,0.5,1,60,3,3,0,2
1837,1,1,12,8,6,0,3
1028,2.8,1,30,1,10,0,1
1831,2.2,0,55,8,9,1,1
571,2,1,58,6,11,0,0
1770,2.3,0,9,6,5,0,3
970,1.3,0,59,7,19,0,3
642,0.5,1,38,5,10,1,0
622,1.9,0,11,8,14,1,2
600,1.8,1,6,2,15,1,2
1412,0.6,0,57,3,10,0,1
733,0.8,0,16,4,12,1,2
1070,3,0,19,7,16,1,2
875,0.7,0,30,8,8,1,0
1994,0.7,0,5,2,7,0,2
823,1,1,18,5,16,1,3
1908,0.5,1,30,2,19,0,3
790,0.5,1,44,8,8,1,3
1330,1.8,0,40,1,5,1,2
1660,0.5,1,15,8,8,1,2
1776,2.2,0,20,6,16,1,3
1611,0.5,1,27,1,10,0,2
1410,0.5,1,15,3,1,1,2
1772,1.6,1,45,2,18,1,1
1280,1.3,1,39,7,1,0,1
1712,0.9,0,23,7,19,1,1
1562,0.7,0,55,8,1,0,2
891,1.9,1,18,6,3,1,0
1957,1.2,1,36,2,19,0,1
1110,0.6,0,42,5,2,1,0
875,1.4,1,43,8,3,0,3
1211,1.2,0,28,2,3,1,2
769,0.5,1,54,4,19,0,0
671,2.9,1,2,6,19,0,2
1872,0.5,1,26,4,10,0,2
1076,2.3,1,14,5,0,1,2
1325,1.9,0,50,1,10,0,2
911,2.2,1,28,2,2,1,1
1273,0.7,0,23,6,14,0,0
1062,0.5,1,39,4,4,0,0
1317,1.5,0,12,2,9,1,0
940,2.9,0,16,4,1,1,1
729,2,0,14,6,2,0,2
1494,2.4,1,3,7,17,1,1
1546,1.6,1,27,2,6,1,0
1253,0.7,1,34,4,10,1,3
895,0.5,0,16,8,14,0,2
793,1.9,1,43,8,2,1,0
1628,1.8,0,56,2,13,1,3
625,2.7,0,42,8,3,0,2
1110,1.5,1,12,8,5,0,0
999,1.7,0,49,1,17,1,1
1856,0.5,1,24,5,1,1,2
1715,2.6,1,15,6,20,1,1
1897,1.9,1,54,2,7,0,0
1202,2.4,0,19,2,1,0,0
1171,1.7,0,19,7,19,0,0
964,2,1,22,8,0,1,2
1973,2.4,0,46,4,10,0,0
1992,0.6,0,2,1,14,1,3
546,2.6,0,26,5,15,1,1
1093,0.5,1,31,2,12,1,1
1880,2,0,35,4,14,1,2
1765,1.1,0,11,2,7,0,3
1640,0.5,1,36,8,11,0,3
1830,0.5,0,7,6,12,1,2
826,0.6,0,62,4,19,0,1
1864,2.2,1,7,1,2,0,2
586,0.6,1,42,7,17,1,1
1206,3,1,30,3,13,0,2
832,0.5,1,5,5,2,1,3
848,2.8,0,8,7,3,1,0
1851,2.9,0,53,6,2,0,2
1166,0.5,0,59,1,11,0,3
1776,2.1,0,35,4,16,1,1
1254,1.2,1,27,2,10,1,0
1494,1.6,1,24,1,17,0,3
984,2.2,1,39,8,18,1,1
1179,0.8,0,5,5,17,0,0
513,1.9,0,27,8,13,1,2
557,0.5,0,17,6,4,0,1
744,1.7,1,33,4,2,0,2
1129,0.8,1,21,2,10,1,1
1148,2.3,1,58,5,20,0,2
1793,2.7,1,44,5,17,1,3
1310,2.3,0,15,5,11,1,2
1604,1.2,0,6,6,15,1,3
1676,1.6,0,37,1,3,0,2
1001,2.8,0,40,3,7,1,3
1086,2.7,1,24,8,19,1,3
1986,0.5,1,39,7,19,1,3
634,0.8,0,41,1,12,0,3
502,0.8,0,52,6,8,1,2
1641,1.1,0,48,8,7,0,2
623,1.4,1,15,3,1,0,2
962,1.1,0,17,8,20,0,3
1057,2.7,1,41,4,10,1,1
1862,1.5,0,62,1,2,0,1
555,3,1,38,2,10,0,1
1000,2.7,1,58,5,12,0,0
841,0.5,1,11,5,14,1,0
865,2.9,0,16,4,12,0,3
999,2.6,1,56,4,13,1,2
1232,1.2,0,30,6,14,1,1
1194,2.3,1,34,2,12,1,0
612,0.5,1,20,8,6,1,3
1362,2.9,0,47,6,4,1,3
1469,1.7,1,44,2,14,1,1
986,0.8,1,28,4,20,1,0
1843,2.8,1,62,3,7,0,3
1561,0.5,1,4,2,13,1,2
1695,0.5,1,47,5,13,1,1
667,2.6,0,8,1,7,1,2
1768,2,1,2,7,2,1,3
1269,2.8,0,41,8,17,0,2
1109,2.8,0,57,1,12,0,2
936,0.5,1,14,3,17,0,3
1713,2,1,5,6,16,0,1
1175,1.7,1,45,2,7,1,1
1940,1,1,5,4,1,1,1
855,0.5,1,59,2,3,1,1
771,0.5,1,33,3,17,1,0
645,2.5,1,63,4,14,0,2
1307,1.8,0,7,7,3,0,1
1948,2.9,0,5,1,13,1,0
1509,0.6,0,50,4,8,1,1
626,2.8,1,11,2,9,0,0
1190,2,0,40,5,1,0,3
1727,2.1,0,57,6,18,0,0
1670,3,0,62,8,20,0,3
1150,0.5,1,27,1,17,0,1
1208,2.9,1,16,1,19,0,1
1812,1.3,1,42,7,15,1,3
770,1.5,0,61,4,9,0,3
1559,1.3,1,10,8,17,1,1
1902,0.5,0,13,4,11,1,1
1751,2.5,0,4,8,9,1,1
1416,1.8,0,20,4,0,0,3
1288,0.5,1,61,6,6,0,2
1003,2.9,1,16,8,19,0,1
1715,0.5,1,18,6,3,0,3
1967,0.5,1,46,1,7,1,1
962,1,0,2,1,20,0,1
1487,1.5,1,42,2,7,0,2
1569,1.6,1,54,4,6,0,3
1146,3,1,57,5,10,1,0
1379,1.5,1,9,8,13,0,1
1504,1.9,1,25,4,9,0,1
1945,1.2,0,26,6,5,0,3
1630,2.8,1,32,6,1,0,2
1125,2.7,0,23,1,14,1,1
614,0.7,1,51,7,7,0,2
854,1,1,17,4,9,0,2
1470,1.7,0,45,1,9,0,3
1826,0.5,1,49,8,6,1,2
807,0.5,0,37,4,0,0,1
1996,2.8,1,7,5,4,0,1
1083,2,0,41,5,5,0,1
1035,0.5,1,49,2,15,0,3
1521,1.6,1,62,1,9,0,3
1314,2.8,1,5,4,18,0,3
535,1.9,0,24,8,19,0,0
673,1.9,1,35,6,14,0,3
1219,1.6,0,4,6,7,0,2
1606,0.5,1,33,5,0,0,3
1603,0.5,1,17,2,8,0,1
1958,0.5,1,52,1,14,0,3
695,0.5,1,12,2,19,1,2
1441,0.6,1,53,1,12,1,1
1470,2.2,1,33,7,10,0,2
1890,1.1,1,48,4,5,0,3
1152,2.1,1,26,2,0,0,3
1619,0.9,0,20,6,9,0,0
1002,1.8,0,45,7,7,1,0
742,0.5,1,36,3,1,1,0
1306,2.1,1,33,3,9,0,2
1424,2.9,0,20,5,0,0,2
942,1.4,0,27,4,9,1,0
1934,2.7,1,2,4,16,0,2
1290,1.4,1,35,4,20,0,0
930,2.1,0,54,1,13,1,2
1699,0.5,0,21,4,20,1,1
1849,0.5,0,29,7,12,0,3
1922,0.5,1,42,8,16,0,3
548,1,1,56,4,14,1,0
916,0.5,1,47,4,1,1,1
1783,0.5,0,14,8,11,0,2
1083,1.4,1,49,5,9,1,0
1698,2.8,1,7,8,12,1,2
1969,0.8,1,7,8,20,1,0
869,1.9,0,2,7,3,0,2
1337,2.7,0,5,4,1,1,2
637,0.8,0,28,4,6,0,2
833,0.6,1,27,4,2,0,0
1248,2.4,1,9,3,8,1,2
1174,0.9,0,30,4,20,1,0
1831,2.3,1,44,7,14,0,2
1002,2.6,0,27,1,10,0,0
1010,2,1,8,5,3,1,2
1117,0.5,0,21,2,19,0,1
990,2.7,0,15,2,7,0,2
1564,1.4,1,26,6,16,1,3
1065,2.8,1,21,5,3,0,1
1982,1.1,0,24,7,16,1,3
1607,1.1,1,20,2,8,1,0
1066,3,1,5,5,7,0,0
681,0.5,1,17,5,19,0,2
1163,2.1,1,19,2,1,0,2
1285,0.8,1,11,5,7,1,3
753,0.5,1,48,8,20,0,3
1779,2.6,0,5,1,3,1,1
987,1.9,1,52,3,8,1,2
511,0.9,1,24,3,18,0,1
1044,1.8,1,12,6,5,1,1
1855,0.5,0,32,8,18,0,3
946,1.4,0,26,6,10,0,0
657,1.9,0,21,8,8,1,0
1673,1.6,0,42,5,6,0,2
731,0.5,1,28,8,0,0,1
926,0.8,1,59,7,14,0,0
1261,0.5,1,52,2,9,0,1
618,1.1,1,45,3,20,1,2
936,2.3,1,57,2,6,1,1
1485,0.9,1,28,5,1,1,3
1339,0.5,1,21,4,11,1,0
508,1.3,0,50,5,9,0,1
1938,0.5,0,44,2,9,1,3
995,1.3,0,10,4,3,0,0
1086,1.7,1,43,6,1,1,2
1322,2.3,1,35,1,3,0,3
1864,1.9,0,57,6,6,0,3
1944,0.5,1,26,4,9,0,2
581,0.6,1,56,2,10,1,0
1020,0.7,1,27,4,4,0,3
1936,1.3,0,44,3,3,0,1
1329,1.7,1,23,8,6,1,1
808,0.5,0,46,8,15,0,0
994,1.2,0,40,2,17,0,2
1811,2,1,22,2,8,0,2
765,2.5,0,44,8,11,1,2
993,2.3,0,16,7,13,0,0
1136,1.6,0,32,6,19,1,3
719,0.5,1,23,6,9,1,3
733,0.6,0,63,7,10,0,0
1946,2.7,0,8,8,19,0,3
1230,1.6,1,48,7,2,1,2
1577,1,1,64,3,7,1,3
1514,1.4,1,12,3,4,0,0
579,2.5,0,7,8,10,0,2
574,3,1,30,2,3,0,0
1072,2.2,0,19,8,16,1,2
843,1.3,0,16,7,4,0,1
1492,1.5,0,11,3,7,1,3
1807,2.9,0,16,3,0,1,3
909,0.7,0,47,3,9,1,0
1876,1.3,1,64,3,19,1,3
1436,2.4,1,23,5,4,0,2
1251,0.5,1,29,6,16,0,0
636,0.5,1,28,2,15,0,2
1354,0.7,1,26,4,6,1,1
930,0.5,1,34,4,16,0,2
1830,1,1,47,1,11,0,3
1424,0.5,1,23,4,18,1,1
583,0.9,0,51,8,2,1,1
648,0.5,1,54,5,20,0,3
1203,0.5,1,11,2,12,1,0
1777,2.2,0,15,4,7,1,1
1299,2.8,0,64,6,6,0,1
1494,1.9,1,47,2,9,0,3
527,0.7,0,53,1,11,0,0
793,2.8,1,64,4,2,1,1
873,0.5,0,8,7,9,0,0
722,1.1,0,12,6,20,0,1
1250,1.5,1,20,5,18,1,2
1358,1.7,0,60,3,1,0,0
1035,1.9,0,11,6,10,1,1
1289,0.8,1,16,6,17,1,3
1445,2.2,0,37,2,6,1,3
1702,2.3,1,47,2,19,0,1
534,0.5,0,2,5,16,1,2
628,1.8,0,60,6,6,1,1
713,1.4,0,53,1,17,0,0
1207,0.5,0,58,8,0,1,0
683,2.1,0,30,7,8,0,1
594,2.6,0,27,5,2,1,0
537,2,1,55,7,2,1,1
1565,0.5,0,38,5,1,1,0
1052,0.9,0,6,4,16,0,0
713,1.6,1,63,2,8,0,1
1766,0.5,0,16,5,7,0,3
584,1.7,1,19,4,4,1,3
1541,1.5,1,5,4,10,1,1
837,2.4,0,51,5,15,0,0
935,0.5,1,58,5,12,0,2
665,0.7,1,31,5,2,0,0
680,2.4,1,34,2,17,1,3
877,1.5,1,17,7,0,1,1
1493,1.5,0,53,5,16,1,2
1762,0.6,1,26,6,14,1,2
842,1.8,0,57,3,10,1,1
925,2.1,0,56,1,14,0,2
1692,2.1,1,2,1,17,1,3
1576,2.2,0,5,3,17,1,3
1065,1.7,1,48,6,8,0,0
958,1.6,1,60,1,12,0,0
623,0.8,1,26,7,12,0,1
897,1.4,0,17,1,2,0,2
1110,1.5,1,41,3,16,0,2
616,2.2,1,21,7,4,0,2
1680,1.2,1,37,4,7,1,1
1715,1.3,1,12,8,6,1,2
983,0.6,1,45,4,11,0,1
720,0.9,1,14,4,14,1,0
1660,0.6,1,24,2,3,1,2
1564,1.5,0,42,2,2,1,3
592,0.8,0,52,7,10,0,0
969,1.8,1,44,3,7,0,0
1356,0.5,0,35,1,19,1,3
504,1,0,14,7,9,1,0
1546,0.5,1,6,1,4,0,3
689,2.9,1,7,2,6,0,0
1685,0.6,0,16,7,15,1,0
1792,1,1,62,7,8,0,3
1786,1.2,0,61,3,14,1,3
1944,0.6,1,59,7,10,0,0
1077,2.5,1,49,4,14,0,3
648,1.8,1,60,4,4,0,0
1702,0.5,0,2,6,19,1,0
1571,2.9,0,30,7,3,1,0
856,1.1,1,19,6,19,0,0
1786,2.6,0,14,4,15,0,3
914,0.7,1,60,5,4,0,3
1615,2.8,0,9,1,13,1,2
649,1.4,1,19,7,12,1,0
1646,2.5,1,25,2,5,1,0
1189,1.9,0,7,2,20,1,0
1043,2.7,0,29,8,17,0,0
1920,0.6,1,19,3,8,1,3
1220,2.8,0,54,7,20,0,0
1748,0.5,1,53,4,20,0,2
907,2.6,0,44,3,12,0,3
1193,2.3,0,20,7,13,0,2
1766,0.5,1,22,8,4,0,3
1278,1,1,24,3,16,1,3
1234,1.7,0,17,6,15,0,2
1961,1.5,0,55,7,20,1,3
1745,2.9,1,3,3,0,1,1
1442,0.6,0,27,5,8,0,0
1083,2.9,1,39,8,2,0,2
868,0.9,0,5,4,7,0,0
864,1.6,1,53,6,1,1,0
1142,1.2,0,2,6,0,1,1
608,0.5,0,64,4,0,1,1
983,1.8,1,53,1,4,1,1
1720,1.6,1,2,5,20,0,2
1802,1.2,0,27,5,16,1,2
591,2.1,1,16,7,20,1,0
1205,2.7,0,10,6,10,1,0
1369,1.7,0,28,1,18,0,3
713,0.9,0,42,1,14,0,0
1082,2.3,0,2,4,20,1,1
1719,2.1,0,52,3,1,1,2
1544,2.4,1,12,7,20,0,0
1090,2.3,1,8,8,8,0,3
1991,2.8,1,15,1,13,1,1
1367,2.9,0,56,2,6,1,0
1179,0.5,1,32,2,12,0,0
721,2.7,1,15,5,18,1,3
1549,1.8,0,62,4,4,0,0
1349,2.1,0,46,6,12,0,1
1799,1,1,30,3,9,1,0
1075,0.5,0,11,1,16,0,3
684,0.9,1,63,5,9,1,3
1837,0.5,0,36,4,20,0,0
1619,1.9,1,21,1,9,0,1
965,1.4,0,13,8,2,0,2
730,1.5,0,9,4,15,0,2
1361,1.4,0,47,5,2,0,2
1494,1.6,1,45,5,4,0,3
1027,0.8,0,18,7,11,0,0
1807,0.8,1,38,8,0,0,1
709,2.4,0,11,5,11,0,3
689,1.4,0,45,5,11,0,3
955,0.5,0,2,4,10,1,1
1872,1.9,0,35,3,14,0,3
1259,1.2,0,13,2,0,0,0
695,1.2,1,41,8,8,1,1
1969,1.2,0,63,4,11,1,0
759,2.5,1,39,2,8,0,0
936,1,0,18,3,18,1,2
1176,2.1,1,62,2,10,0,1
1802,2.7,1,10,7,9,1,0
772,1,1,23,7,11,0,2
1318,2.4,1,45,2,7,0,0
591,0.5,1,16,6,17,1,3
569,2.5,0,41,1,1,0,1
764,1,1,45,8,11,0,0
1056,2.1,1,37,3,11,1,2
1982,1.6,1,12,5,20,1,1
1830,0.5,0,14,6,6,1,2
1122,0.5,1,40,7,14,1,1
1023,0.7,1,63,7,8,1,3
1283,2.4,1,33,3,15,1,0
1602,1.6,1,35,7,7,0,2
732,1.3,1,32,8,7,0,3
1854,0.9,1,33,1,0,0,1
718,1.6,1,30,3,12,1,1
897,2,1,2,8,10,1,1
1405,1.7,0,8,4,7,1,2
798,0.6,1,21,2,12,0,1
1035,2.7,0,40,5,15,1,3
1396,0.6,0,37,4,15,0,2
1749,0.5,1,49,1,8,0,2
1588,2.5,1,4,5,20,0,2
1600,0.5,1,16,4,16,1,2
1522,2.2,0,21,6,11,0,3
1279,2.5,1,7,6,6,0,1
719,2.9,0,6,6,8,0,0
544,0.5,1,7,5,15,1,0
1007,2.9,1,21,8,12,1,0
590,1.2,0,32,6,1,1,0
1788,0.5,1,6,6,16,1,2
748,1.4,0,25,7,14,1,1
757,0.9,0,64,7,5,1,2
1561,1.6,1,27,3,10,1,1
1327,2.8,0,23,7,16,1,0
797,1.5,0,18,8,20,1,1
727,2.5,1,64,1,9,1,3
686,2.7,0,36,4,1,0,0
1515,2.1,1,24,5,6,0,3
555,0.5,0,17,5,12,1,0
1589,0.6,0,5,5,2,1,3
1976,2.6,0,45,4,19,0,3
1884,1,0,24,6,4,1,1
1063,2,0,27,6,7,0,2
672,0.6,0,61,5,20,0,0
635,0.5,0,16,7,17,0,2
1906,1.9,0,55,3,4,0,1
1753,0.7,0,40,4,11,1,1
659,1.4,1,3,8,6,0,0
1583,1.2,0,14,2,4,0,2
1783,2.9,0,42,6,8,1,1
1667,1,1,21,2,0,0,0
640,1.3,1,6,8,20,1,2
1913,1.8,0,29,5,4,1,2
538,1.1,1,25,7,7,1,1
1191,0.8,1,46,6,9,0,0
816,3,0,9,1,3,0,3
915,0.5,1,33,2,16,1,1
1157,0.8,0,27,8,8,0,3
1201,0.5,0,10,7,7,1,0
1379,1.1,1,18,2,16,1,2
1483,2.2,1,53,5,11,0,1
1614,1.2,1,9,3,2,0,1
930,1,1,4,8,10,1,1
1454,2.6,0,6,3,20,0,1
1784,1.6,0,41,6,20,1,2
1262,1.8,0,34,5,16,1,2
797,2.2,0,37,7,2,0,1
1829,2.1,0,59,5,15,1,3
1139,0.9,1,58,2,11,0,1
618,1,1,13,4,15,1,0
1547,2.9,0,57,1,3,1,1
586,2.8,0,15,3,11,0,1
1617,2.4,1,36,1,9,0,0
1882,2,1,44,8,19,1,3
674,2.9,0,21,3,4,1,0
1467,0.5,0,18,5,0,1,3
858,2.2,0,50,1,2,1,3
794,0.5,1,2,6,14,1,0
1965,2.6,0,39,4,3,1,2
1911,0.9,1,36,8,3,1,3
1512,0.9,1,46,5,5,1,0
510,2,1,45,6,16,1,3
